<?xml version="1.0" encoding="UTF-8"?>
<info:toolkitInfoModel xmlns:common="http://www.ibm.com/xmlns/prod/streams/spl/common"
 xmlns:info="http://www.ibm.com/xmlns/prod/streams/spl/toolkitInfo">
 <info:identity>
   <info:name>Exercise2</info:name>
   <info:description></info:description>
   <info:version>1.0.0</info:version>
   <info:requiredProductVersion>3.0.0</info:requiredProductVersion>
 </info:identity>
 <info:dependencies>
   <info:toolkit>
     <common:name>com.ibm.spss.streams.analytics</common:name>
     <common:version>1.0.0</common:version>
   </info:toolkit>
 </info:dependencies>
</info:toolkitInfoModel>