<?xml version="1.0" encoding="UTF-8" standalone="no" ?>
<toolkitModel xmlns="http://www.ibm.com/xmlns/prod/streams/spl/toolkit" productVersion="3.2.0.0" xmlns:common="http://www.ibm.com/xmlns/prod/streams/spl/common" xmlns:xsi="http://www.w3.org/2001/XMLSchema-instance">

  <toolkit name="Exercise2" requiredProductVersion="3.0.0" version="1.0.0">
    <description/>
    <uriTable>
      <uri index="1" value="application/Exercise2.spl"/>
    </uriTable>
    <namespace name="application">
      <compositeOp column="11" line="3" name="Exercise2" potentialMain="true" uriIndex="1">
        <type column="9" line="5" name="DataSchema" static="true" type="int64 patientId, int64 clump, int64 sizeUniformity, int64 shapeUniformity, int64 marginalAdhesion, int64 singEpiSize, rstring bareNucleoli, int64 blandChromatin, int64 normalNucleoli, int64 mitoses, int64 actualClass" uriIndex="1"/>
        <type column="9" line="19" name="DataSchemaOut" static="true" type="tuple&lt;int64 patientId, int64 actualClass, int64 prediction, float64 confidence>" uriIndex="1"/>
      </compositeOp>
    </namespace>
    <dependency>
      <common:name>com.ibm.spss.streams.analytics</common:name>
      <common:version>1.0.0</common:version>
    </dependency>
  </toolkit>

</toolkitModel>
