<?xml version="1.0" encoding="UTF-8"?><metadata charset="UTF-8" date="Wed Oct 09 10:23:48 PDT 2013" version="1.0" xmlns:xsi="http://www.w3.org/2001/XMLSchema-instance" xsi:noNamespaceSchemaLocation="CSPMetadata.xsd">
<options>
<parameter>
<name>memory_usage</name>
<value>100</value>
</parameter>
<parameter>
<name>sql_generation</name>
<value>Y</value>
</parameter>
<parameter>
<name>sql_logging</name>
<value>N</value>
</parameter>
<parameter>
<name>sql_generation_logging</name>
<value>N</value>
</parameter>
<parameter>
<name>sql_log_native</name>
<value>N</value>
</parameter>
<parameter>
<name>sql_log_prettyprint</name>
<value>N</value>
</parameter>
<parameter>
<name>stream_rewriting</name>
<value>Y</value>
</parameter>
<parameter>
<name>stream_rewriting_maximise_sql</name>
<value>Y</value>
</parameter>
<parameter>
<name>stream_rewriting_optimise_clem_execution</name>
<value>Y</value>
</parameter>
<parameter>
<name>stream_rewriting_optimise_syntax_execution</name>
<value>Y</value>
</parameter>
<parameter>
<name>sql_generic</name>
<value>N</value>
</parameter>
<parameter>
<name>datetime_as_string</name>
<value>N</value>
</parameter>
<parameter>
<name>date_baseline</name>
<value>1900</value>
</parameter>
<parameter>
<name>date_2digit_baseline</name>
<value>1930</value>
</parameter>
<parameter>
<name>time_rollover</name>
<value>N</value>
</parameter>
<parameter>
<name>date_format</name>
<value>23</value>
</parameter>
<parameter>
<name>time_format</name>
<value>4</value>
</parameter>
<parameter>
<name>timestamp_format</name>
<value>3</value>
</parameter>
<parameter>
<name>decimal_separator</name>
<value>.</value>
</parameter>
<parameter>
<name>angles_in_radians</name>
<value>Y</value>
</parameter>
<parameter>
<name>record_count_feedback_interval</name>
<value>1000</value>
</parameter>
<parameter>
<name>record_count_suppress_input</name>
<value>N</value>
</parameter>
<parameter>
<name>decimal_places</name>
<value>-1</value>
</parameter>
<parameter>
<name>display_decimal_places</name>
<value>-1</value>
</parameter>
<parameter>
<name>column_alignment</name>
<value>-1</value>
</parameter>
<parameter>
<name>column_width</name>
<value>-1</value>
</parameter>
<parameter>
<name>cache_compression</name>
<value>1</value>
</parameter>
<parameter>
<name>enable_parallelism</name>
<value>Y</value>
</parameter>
<parameter>
<name>database_caching</name>
<value>Y</value>
</parameter>
<parameter>
<name>supported_sql_type_logging</name>
<value>N</value>
</parameter>
<parameter>
<name>allow_config_custom_overrides</name>
<value>Y</value>
</parameter>
<parameter>
<name>use_relaxed_conversion</name>
<value>Y</value>
</parameter>
<parameter>
<name>verbose_session_startup_logging</name>
<value>N</value>
</parameter>
<parameter>
<name>shell</name>
<value>&lt;USER&gt;</value>
</parameter>
<parameter>
<name>time_ecode_execution</name>
<value>N</value>
</parameter>
<parameter>
<name>time_ecode_execution_log</name>
<value>N</value>
</parameter>
</options>
<databaseConnections/>
<inputDataSources>
<inputDataSource name="file0" type="Delimited">
<parameters>
<parameter>
<name>tag</name>
<value>id26GNQAXRRK7</value>
</parameter>
<parameter>
<name>name</name>
<value>userInput.dat</value>
</parameter>
<parameter>
<name>path</name>
<value/>
</parameter>
<parameter>
<name>field_names_included</name>
<value>N</value>
</parameter>
<parameter>
<name>field_separator</name>
<value>\t</value>
</parameter>
<parameter>
<name>decimal_separator</name>
<value>.</value>
</parameter>
</parameters>
<fields>
<field storage="integer" type="range">
<name>ID</name>
</field>
<field storage="integer" type="range">
<name>Clump</name>
</field>
<field storage="integer" type="range">
<name>UnifSize</name>
</field>
<field storage="integer" type="range">
<name>UnifShape</name>
</field>
<field storage="integer" type="range">
<name>MargAdh</name>
</field>
<field storage="integer" type="range">
<name>SingEpiSize</name>
</field>
<field storage="string" type="discrete">
<name>BareNuc</name>
</field>
<field storage="integer" type="range">
<name>BlandChrom</name>
</field>
<field storage="integer" type="range">
<name>NormNucl</name>
</field>
<field storage="integer" type="range">
<name>Mit</name>
</field>
<field storage="integer" type="range">
<name>Class</name>
</field>
</fields>
</inputDataSource>
</inputDataSources>
<outputDataSources>
<outputDataSource name="file3" type="Delimited">
<parameters>
<parameter>
<name>tag</name>
<value>id4ZRNQB2VPKR</value>
</parameter>
<parameter>
<name>name</name>
<value>DummyOutput.csv</value>
</parameter>
<parameter>
<name>path</name>
<value/>
</parameter>
<parameter>
<name>field_names_included</name>
<value>N</value>
</parameter>
<parameter>
<name>field_separator</name>
<value>,</value>
</parameter>
<parameter>
<name>decimal_separator</name>
<value>.</value>
</parameter>
<parameter readOnly="true">
<name>writeMode</name>
<value>overwrite</value>
</parameter>
<parameter readOnly="true">
<name>newlineAfterRecord</name>
<value>true</value>
</parameter>
<parameter readOnly="true">
<name>quoteSymbolicValues</name>
<value>doubleQuotes</value>
</parameter>
<parameter readOnly="true">
<name>userQuoteMark</name>
<value/>
</parameter>
<parameter readOnly="true">
<name>fileEncoding</name>
<value>UTF-8</value>
</parameter>
</parameters>
<fields>
<field storage="integer" type="range">
<name>ID</name>
<range>
<min>
<value>61634</value>
</min>
<max>
<value>13454352</value>
</max>
</range>
</field>
<field storage="integer" type="range">
<name>Clump</name>
<range>
<min>
<value>1</value>
</min>
<max>
<value>10</value>
</max>
</range>
</field>
<field storage="integer" type="range">
<name>UnifSize</name>
<range>
<min>
<value>1</value>
</min>
<max>
<value>10</value>
</max>
</range>
</field>
<field storage="integer" type="range">
<name>UnifShape</name>
<range>
<min>
<value>1</value>
</min>
<max>
<value>10</value>
</max>
</range>
</field>
<field storage="integer" type="range">
<name>MargAdh</name>
<range>
<min>
<value>1</value>
</min>
<max>
<value>10</value>
</max>
</range>
</field>
<field storage="integer" type="range">
<name>SingEpiSize</name>
<range>
<min>
<value>1</value>
</min>
<max>
<value>10</value>
</max>
</range>
</field>
<field storage="string" type="set">
<name>BareNuc</name>
<set>
<category>
<value>1</value>
</category>
<category>
<value>10</value>
</category>
<category>
<value>2</value>
</category>
<category>
<value>3</value>
</category>
<category>
<value>4</value>
</category>
<category>
<value>5</value>
</category>
<category>
<value>6</value>
</category>
<category>
<value>7</value>
</category>
<category>
<value>8</value>
</category>
<category>
<value>9</value>
</category>
<category>
<value>?</value>
</category>
</set>
</field>
<field storage="integer" type="range">
<name>BlandChrom</name>
<range>
<min>
<value>1</value>
</min>
<max>
<value>10</value>
</max>
</range>
</field>
<field storage="integer" type="range">
<name>NormNucl</name>
<range>
<min>
<value>1</value>
</min>
<max>
<value>10</value>
</max>
</range>
</field>
<field storage="integer" type="range">
<name>Mit</name>
<range>
<min>
<value>1</value>
</min>
<max>
<value>10</value>
</max>
</range>
</field>
<field storage="integer" type="flag">
<name>Class</name>
<flag>
<true>
<value>4</value>
</true>
<false>
<value>2</value>
</false>
</flag>
</field>
<field storage="integer" type="flag">
<name>SClass</name>
<flag>
<true>
<value>4</value>
</true>
<false>
<value>2</value>
</false>
</flag>
</field>
<field storage="real" type="range">
<name>SPClass</name>
<range>
<min>
<value>0.0</value>
</min>
<max>
<value>1.0</value>
</max>
</range>
</field>
</fields>
</outputDataSource>
</outputDataSources>
</metadata>